{
    "Model": "Hybrid_MobileNetV2",
    "Preprocessing": "Fourier_Laplacian",
    "Accuracy": 0.8066528066528067,
    "Total_Parameters": 4843905,
    "Trainable_Parameters": 2740097,
    "Fold": "Final",
    "learning_rate": 0.0001,
    "batch_size": 16,
    "optimizer": "Adam",
    "epochs": 8,
    "n_folds": 5,
    "dropout_rate": 0.4,
    "Precision_originals": 0.9683544303797469,
    "Recall_originals": 0.6348547717842323,
    "F1-Score_originals": 0.7669172932330827,
    "Support_originals": 241.0,
    "Precision_recaptured": 0.7275541795665634,
    "Recall_recaptured": 0.9791666666666666,
    "F1-Score_recaptured": 0.8348134991119005,
    "Support_recaptured": 240.0,
    "Precision_macro avg": 0.8479543049731552,
    "Recall_macro avg": 0.8070107192254494,
    "F1-Score_macro avg": 0.8008653961724916,
    "Support_macro avg": 481.0,
    "Precision_weighted avg": 0.8482046170841875,
    "Recall_weighted avg": 0.8066528066528067,
    "F1-Score_weighted avg": 0.8007948179959024,
    "Support_weighted avg": 481.0
}