{
    "Model": "Hybrid_MobileNetV2",
    "Preprocessing": "Fourier_Laplacian",
    "Accuracy": 0.65625,
    "Total_Parameters": 4843905,
    "Trainable_Parameters": 2740097,
    "Fold": 4,
    "learning_rate": 0.0001,
    "batch_size": 16,
    "optimizer": "Adam",
    "epochs": 8,
    "n_folds": 5,
    "dropout_rate": 0.4,
    "Precision_originals": 0.6219512195121951,
    "Recall_originals": 0.796875,
    "F1-Score_originals": 0.6986301369863014,
    "Support_originals": 192.0,
    "Precision_recaptured": 0.717391304347826,
    "Recall_recaptured": 0.515625,
    "F1-Score_recaptured": 0.6,
    "Support_recaptured": 192.0,
    "Precision_macro avg": 0.6696712619300106,
    "Recall_macro avg": 0.65625,
    "F1-Score_macro avg": 0.6493150684931507,
    "Support_macro avg": 384.0,
    "Precision_weighted avg": 0.6696712619300106,
    "Recall_weighted avg": 0.65625,
    "F1-Score_weighted avg": 0.6493150684931507,
    "Support_weighted avg": 384.0
}