,precision,recall,f1-score,support
originals,0.7455621301775148,0.65625,0.6980609418282548,192.0
recaptured,0.6930232558139535,0.7760416666666666,0.7321867321867321,192.0
accuracy,0.7161458333333334,0.7161458333333334,0.7161458333333334,0.7161458333333334
macro avg,0.7192926929957342,0.7161458333333333,0.7151238370074935,384.0
weighted avg,0.7192926929957343,0.7161458333333334,0.7151238370074934,384.0
