,precision,recall,f1-score,support
originals,0.8674033149171271,0.8177083333333334,0.8418230563002681,192.0
recaptured,0.8275862068965517,0.875,0.850632911392405,192.0
accuracy,0.8463541666666666,0.8463541666666666,0.8463541666666666,0.8463541666666666
macro avg,0.8474947609068394,0.8463541666666667,0.8462279838463366,384.0
weighted avg,0.8474947609068394,0.8463541666666666,0.8462279838463366,384.0
