{
    "Model": "Hybrid_MobileNetV2",
    "Preprocessing": "Fourier_Laplacian",
    "Accuracy": 0.7161458333333334,
    "Total_Parameters": 4843905,
    "Trainable_Parameters": 2740097,
    "Fold": 2,
    "learning_rate": 0.0001,
    "batch_size": 16,
    "optimizer": "Adam",
    "epochs": 8,
    "n_folds": 5,
    "dropout_rate": 0.4,
    "Precision_originals": 0.7455621301775148,
    "Recall_originals": 0.65625,
    "F1-Score_originals": 0.6980609418282548,
    "Support_originals": 192.0,
    "Precision_recaptured": 0.6930232558139535,
    "Recall_recaptured": 0.7760416666666666,
    "F1-Score_recaptured": 0.7321867321867321,
    "Support_recaptured": 192.0,
    "Precision_macro avg": 0.7192926929957342,
    "Recall_macro avg": 0.7161458333333333,
    "F1-Score_macro avg": 0.7151238370074935,
    "Support_macro avg": 384.0,
    "Precision_weighted avg": 0.7192926929957343,
    "Recall_weighted avg": 0.7161458333333334,
    "F1-Score_weighted avg": 0.7151238370074934,
    "Support_weighted avg": 384.0
}