{
    "Model": "Hybrid_MobileNetV2",
    "Preprocessing": "Fourier_Laplacian",
    "Accuracy": 0.6770833333333334,
    "Total_Parameters": 4843905,
    "Trainable_Parameters": 2740097,
    "Fold": 1,
    "learning_rate": 0.0001,
    "batch_size": 16,
    "optimizer": "Adam",
    "epochs": 8,
    "n_folds": 5,
    "dropout_rate": 0.4,
    "Precision_originals": 0.6214285714285714,
    "Recall_originals": 0.90625,
    "F1-Score_originals": 0.7372881355932204,
    "Support_originals": 192.0,
    "Precision_recaptured": 0.8269230769230769,
    "Recall_recaptured": 0.4479166666666667,
    "F1-Score_recaptured": 0.581081081081081,
    "Support_recaptured": 192.0,
    "Precision_macro avg": 0.7241758241758242,
    "Recall_macro avg": 0.6770833333333334,
    "F1-Score_macro avg": 0.6591846083371506,
    "Support_macro avg": 384.0,
    "Precision_weighted avg": 0.7241758241758243,
    "Recall_weighted avg": 0.6770833333333334,
    "F1-Score_weighted avg": 0.6591846083371506,
    "Support_weighted avg": 384.0
}