{
    "Model": "Hybrid_MobileNetV2",
    "Preprocessing": "Fourier_Laplacian",
    "Accuracy": 0.8463541666666666,
    "Total_Parameters": 4843905,
    "Trainable_Parameters": 2740097,
    "Fold": 3,
    "learning_rate": 0.0001,
    "batch_size": 16,
    "optimizer": "Adam",
    "epochs": 8,
    "n_folds": 5,
    "dropout_rate": 0.4,
    "Precision_originals": 0.8674033149171271,
    "Recall_originals": 0.8177083333333334,
    "F1-Score_originals": 0.8418230563002681,
    "Support_originals": 192.0,
    "Precision_recaptured": 0.8275862068965517,
    "Recall_recaptured": 0.875,
    "F1-Score_recaptured": 0.850632911392405,
    "Support_recaptured": 192.0,
    "Precision_macro avg": 0.8474947609068394,
    "Recall_macro avg": 0.8463541666666667,
    "F1-Score_macro avg": 0.8462279838463366,
    "Support_macro avg": 384.0,
    "Precision_weighted avg": 0.8474947609068394,
    "Recall_weighted avg": 0.8463541666666666,
    "F1-Score_weighted avg": 0.8462279838463366,
    "Support_weighted avg": 384.0
}