,precision,recall,f1-score,support
originals,0.9683544303797469,0.6348547717842323,0.7669172932330827,241.0
recaptured,0.7275541795665634,0.9791666666666666,0.8348134991119005,240.0
accuracy,0.8066528066528067,0.8066528066528067,0.8066528066528067,0.8066528066528067
macro avg,0.8479543049731552,0.8070107192254494,0.8008653961724916,481.0
weighted avg,0.8482046170841875,0.8066528066528067,0.8007948179959024,481.0
