,precision,recall,f1-score,support
originals,0.8265895953757225,0.7409326424870466,0.7814207650273224,193.0
recaptured,0.7630331753554502,0.8429319371727748,0.8009950248756219,191.0
accuracy,0.7916666666666666,0.7916666666666666,0.7916666666666666,0.7916666666666666
macro avg,0.7948113853655864,0.7919322898299107,0.7912078949514721,384.0
weighted avg,0.7949768968760559,0.7916666666666666,0.7911569203164506,384.0
