,precision,recall,f1-score,support
originals,0.6214285714285714,0.90625,0.7372881355932204,192.0
recaptured,0.8269230769230769,0.4479166666666667,0.581081081081081,192.0
accuracy,0.6770833333333334,0.6770833333333334,0.6770833333333334,0.6770833333333334
macro avg,0.7241758241758242,0.6770833333333334,0.6591846083371506,384.0
weighted avg,0.7241758241758243,0.6770833333333334,0.6591846083371506,384.0
