,precision,recall,f1-score,support
originals,0.6219512195121951,0.796875,0.6986301369863014,192.0
recaptured,0.717391304347826,0.515625,0.6,192.0
accuracy,0.65625,0.65625,0.65625,0.65625
macro avg,0.6696712619300106,0.65625,0.6493150684931507,384.0
weighted avg,0.6696712619300106,0.65625,0.6493150684931507,384.0
