{
    "Model": "Hybrid_MobileNetV2",
    "Preprocessing": "Fourier_Laplacian",
    "Accuracy": 0.7916666666666666,
    "Total_Parameters": 4843905,
    "Trainable_Parameters": 2740097,
    "Fold": 5,
    "learning_rate": 0.0001,
    "batch_size": 16,
    "optimizer": "Adam",
    "epochs": 8,
    "n_folds": 5,
    "dropout_rate": 0.4,
    "Precision_originals": 0.8265895953757225,
    "Recall_originals": 0.7409326424870466,
    "F1-Score_originals": 0.7814207650273224,
    "Support_originals": 193.0,
    "Precision_recaptured": 0.7630331753554502,
    "Recall_recaptured": 0.8429319371727748,
    "F1-Score_recaptured": 0.8009950248756219,
    "Support_recaptured": 191.0,
    "Precision_macro avg": 0.7948113853655864,
    "Recall_macro avg": 0.7919322898299107,
    "F1-Score_macro avg": 0.7912078949514721,
    "Support_macro avg": 384.0,
    "Precision_weighted avg": 0.7949768968760559,
    "Recall_weighted avg": 0.7916666666666666,
    "F1-Score_weighted avg": 0.7911569203164506,
    "Support_weighted avg": 384.0
}