{
    "Model": "RGB_MobileNetV2",
    "Preprocessing": "RGB",
    "Accuracy": 0.7057291666666666,
    "Total_Parameters": 2422081,
    "Trainable_Parameters": 1370177,
    "Fold": 2,
    "learning_rate": 0.0001,
    "batch_size": 16,
    "optimizer": "Adam",
    "epochs": 8,
    "n_folds": 5,
    "dropout_rate": 0.4,
    "Precision_originals": 0.8110236220472441,
    "Recall_originals": 0.5364583333333334,
    "F1-Score_originals": 0.64576802507837,
    "Support_originals": 192.0,
    "Precision_recaptured": 0.6536964980544747,
    "Recall_recaptured": 0.875,
    "F1-Score_recaptured": 0.7483296213808464,
    "Support_recaptured": 192.0,
    "Precision_macro avg": 0.7323600600508594,
    "Recall_macro avg": 0.7057291666666667,
    "F1-Score_macro avg": 0.6970488232296081,
    "Support_macro avg": 384.0,
    "Precision_weighted avg": 0.7323600600508594,
    "Recall_weighted avg": 0.7057291666666666,
    "F1-Score_weighted avg": 0.6970488232296081,
    "Support_weighted avg": 384.0
}