Model,Preprocessing,Accuracy,Total_Parameters,Trainable_Parameters,Fold,learning_rate,batch_size,optimizer,epochs,n_folds,dropout_rate,Precision_originals,Recall_originals,F1-Score_originals,Support_originals,Precision_recaptured,Recall_recaptured,F1-Score_recaptured,Support_recaptured,Precision_macro avg,Recall_macro avg,F1-Score_macro avg,Support_macro avg,Precision_weighted avg,Recall_weighted avg,F1-Score_weighted avg,Support_weighted avg
RGB_MobileNetV2,RGB,0.6770833333333334,2422081,1370177,1,0.0001,16,Adam,8,5,0.4,0.8541666666666666,0.4270833333333333,0.5694444444444444,192.0,0.6180555555555556,0.9270833333333334,0.7416666666666667,192.0,0.7361111111111112,0.6770833333333334,0.6555555555555556,384.0,0.7361111111111112,0.6770833333333334,0.6555555555555556,384.0
RGB_MobileNetV2,RGB,0.7057291666666666,2422081,1370177,2,0.0001,16,Adam,8,5,0.4,0.8110236220472441,0.5364583333333334,0.64576802507837,192.0,0.6536964980544747,0.875,0.7483296213808464,192.0,0.7323600600508594,0.7057291666666667,0.6970488232296081,384.0,0.7323600600508594,0.7057291666666666,0.6970488232296081,384.0
RGB_MobileNetV2,RGB,0.859375,2422081,1370177,3,0.0001,16,Adam,8,5,0.4,0.8520408163265306,0.8697916666666666,0.8608247422680413,192.0,0.8670212765957447,0.8489583333333334,0.8578947368421053,192.0,0.8595310464611376,0.859375,0.8593597395550733,384.0,0.8595310464611376,0.859375,0.8593597395550733,384.0
RGB_MobileNetV2,RGB,0.7239583333333334,2422081,1370177,4,0.0001,16,Adam,8,5,0.4,0.8467741935483871,0.546875,0.6645569620253164,192.0,0.6653846153846154,0.9010416666666666,0.7654867256637168,192.0,0.7560794044665012,0.7239583333333333,0.7150218438445166,384.0,0.7560794044665012,0.7239583333333334,0.7150218438445166,384.0
RGB_MobileNetV2,RGB,0.6640625,2422081,1370177,5,0.0001,16,Adam,8,5,0.4,0.8555555555555555,0.39896373056994816,0.5441696113074205,193.0,0.6054421768707483,0.9319371727748691,0.734020618556701,191.0,0.730498866213152,0.6654504516724087,0.6390951149320607,384.0,0.7311502031368103,0.6640625,0.6386007112673491,384.0
