{
    "Model": "RGB_MobileNetV2",
    "Preprocessing": "RGB",
    "Accuracy": 0.8565488565488566,
    "Total_Parameters": 2422081,
    "Trainable_Parameters": 1370177,
    "Fold": "Final",
    "learning_rate": 0.0001,
    "batch_size": 16,
    "optimizer": "Adam",
    "epochs": 8,
    "n_folds": 5,
    "dropout_rate": 0.4,
    "Precision_originals": 0.8138686131386861,
    "Recall_originals": 0.9253112033195021,
    "F1-Score_originals": 0.8660194174757282,
    "Support_originals": 241.0,
    "Precision_recaptured": 0.9130434782608695,
    "Recall_recaptured": 0.7875,
    "F1-Score_recaptured": 0.8456375838926175,
    "Support_recaptured": 240.0,
    "Precision_macro avg": 0.8634560456997777,
    "Recall_macro avg": 0.856405601659751,
    "F1-Score_macro avg": 0.8558285006841728,
    "Support_macro avg": 481.0,
    "Precision_weighted avg": 0.8633529533243909,
    "Recall_weighted avg": 0.8565488565488566,
    "F1-Score_weighted avg": 0.8558496876213695,
    "Support_weighted avg": 481.0
}