{
    "Model": "RGB_MobileNetV2",
    "Preprocessing": "RGB",
    "Accuracy": 0.859375,
    "Total_Parameters": 2422081,
    "Trainable_Parameters": 1370177,
    "Fold": 3,
    "learning_rate": 0.0001,
    "batch_size": 16,
    "optimizer": "Adam",
    "epochs": 8,
    "n_folds": 5,
    "dropout_rate": 0.4,
    "Precision_originals": 0.8520408163265306,
    "Recall_originals": 0.8697916666666666,
    "F1-Score_originals": 0.8608247422680413,
    "Support_originals": 192.0,
    "Precision_recaptured": 0.8670212765957447,
    "Recall_recaptured": 0.8489583333333334,
    "F1-Score_recaptured": 0.8578947368421053,
    "Support_recaptured": 192.0,
    "Precision_macro avg": 0.8595310464611376,
    "Recall_macro avg": 0.859375,
    "F1-Score_macro avg": 0.8593597395550733,
    "Support_macro avg": 384.0,
    "Precision_weighted avg": 0.8595310464611376,
    "Recall_weighted avg": 0.859375,
    "F1-Score_weighted avg": 0.8593597395550733,
    "Support_weighted avg": 384.0
}