,precision,recall,f1-score,support
originals,0.8541666666666666,0.4270833333333333,0.5694444444444444,192.0
recaptured,0.6180555555555556,0.9270833333333334,0.7416666666666667,192.0
accuracy,0.6770833333333334,0.6770833333333334,0.6770833333333334,0.6770833333333334
macro avg,0.7361111111111112,0.6770833333333334,0.6555555555555556,384.0
weighted avg,0.7361111111111112,0.6770833333333334,0.6555555555555556,384.0
