{
    "Model": "RGB_MobileNetV2",
    "Preprocessing": "RGB",
    "Accuracy": 0.6640625,
    "Total_Parameters": 2422081,
    "Trainable_Parameters": 1370177,
    "Fold": 5,
    "learning_rate": 0.0001,
    "batch_size": 16,
    "optimizer": "Adam",
    "epochs": 8,
    "n_folds": 5,
    "dropout_rate": 0.4,
    "Precision_originals": 0.8555555555555555,
    "Recall_originals": 0.39896373056994816,
    "F1-Score_originals": 0.5441696113074205,
    "Support_originals": 193.0,
    "Precision_recaptured": 0.6054421768707483,
    "Recall_recaptured": 0.9319371727748691,
    "F1-Score_recaptured": 0.734020618556701,
    "Support_recaptured": 191.0,
    "Precision_macro avg": 0.730498866213152,
    "Recall_macro avg": 0.6654504516724087,
    "F1-Score_macro avg": 0.6390951149320607,
    "Support_macro avg": 384.0,
    "Precision_weighted avg": 0.7311502031368103,
    "Recall_weighted avg": 0.6640625,
    "F1-Score_weighted avg": 0.6386007112673491,
    "Support_weighted avg": 384.0
}