,precision,recall,f1-score,support
originals,0.8520408163265306,0.8697916666666666,0.8608247422680413,192.0
recaptured,0.8670212765957447,0.8489583333333334,0.8578947368421053,192.0
accuracy,0.859375,0.859375,0.859375,0.859375
macro avg,0.8595310464611376,0.859375,0.8593597395550733,384.0
weighted avg,0.8595310464611376,0.859375,0.8593597395550733,384.0
