{
    "Model": "RGB_MobileNetV2",
    "Preprocessing": "RGB",
    "Accuracy": 0.6770833333333334,
    "Total_Parameters": 2422081,
    "Trainable_Parameters": 1370177,
    "Fold": 1,
    "learning_rate": 0.0001,
    "batch_size": 16,
    "optimizer": "Adam",
    "epochs": 8,
    "n_folds": 5,
    "dropout_rate": 0.4,
    "Precision_originals": 0.8541666666666666,
    "Recall_originals": 0.4270833333333333,
    "F1-Score_originals": 0.5694444444444444,
    "Support_originals": 192.0,
    "Precision_recaptured": 0.6180555555555556,
    "Recall_recaptured": 0.9270833333333334,
    "F1-Score_recaptured": 0.7416666666666667,
    "Support_recaptured": 192.0,
    "Precision_macro avg": 0.7361111111111112,
    "Recall_macro avg": 0.6770833333333334,
    "F1-Score_macro avg": 0.6555555555555556,
    "Support_macro avg": 384.0,
    "Precision_weighted avg": 0.7361111111111112,
    "Recall_weighted avg": 0.6770833333333334,
    "F1-Score_weighted avg": 0.6555555555555556,
    "Support_weighted avg": 384.0
}