,precision,recall,f1-score,support
originals,0.8555555555555555,0.39896373056994816,0.5441696113074205,193.0
recaptured,0.6054421768707483,0.9319371727748691,0.734020618556701,191.0
accuracy,0.6640625,0.6640625,0.6640625,0.6640625
macro avg,0.730498866213152,0.6654504516724087,0.6390951149320607,384.0
weighted avg,0.7311502031368103,0.6640625,0.6386007112673491,384.0
