{
    "Model": "RGB_MobileNetV2",
    "Preprocessing": "RGB",
    "Accuracy": 0.7239583333333334,
    "Total_Parameters": 2422081,
    "Trainable_Parameters": 1370177,
    "Fold": 4,
    "learning_rate": 0.0001,
    "batch_size": 16,
    "optimizer": "Adam",
    "epochs": 8,
    "n_folds": 5,
    "dropout_rate": 0.4,
    "Precision_originals": 0.8467741935483871,
    "Recall_originals": 0.546875,
    "F1-Score_originals": 0.6645569620253164,
    "Support_originals": 192.0,
    "Precision_recaptured": 0.6653846153846154,
    "Recall_recaptured": 0.9010416666666666,
    "F1-Score_recaptured": 0.7654867256637168,
    "Support_recaptured": 192.0,
    "Precision_macro avg": 0.7560794044665012,
    "Recall_macro avg": 0.7239583333333333,
    "F1-Score_macro avg": 0.7150218438445166,
    "Support_macro avg": 384.0,
    "Precision_weighted avg": 0.7560794044665012,
    "Recall_weighted avg": 0.7239583333333334,
    "F1-Score_weighted avg": 0.7150218438445166,
    "Support_weighted avg": 384.0
}