,precision,recall,f1-score,support
originals,0.8110236220472441,0.5364583333333334,0.64576802507837,192.0
recaptured,0.6536964980544747,0.875,0.7483296213808464,192.0
accuracy,0.7057291666666666,0.7057291666666666,0.7057291666666666,0.7057291666666666
macro avg,0.7323600600508594,0.7057291666666667,0.6970488232296081,384.0
weighted avg,0.7323600600508594,0.7057291666666666,0.6970488232296081,384.0
