,precision,recall,f1-score,support
originals,0.8138686131386861,0.9253112033195021,0.8660194174757282,241.0
recaptured,0.9130434782608695,0.7875,0.8456375838926175,240.0
accuracy,0.8565488565488566,0.8565488565488566,0.8565488565488566,0.8565488565488566
macro avg,0.8634560456997777,0.856405601659751,0.8558285006841728,481.0
weighted avg,0.8633529533243909,0.8565488565488566,0.8558496876213695,481.0
