,precision,recall,f1-score,support
originals,0.8467741935483871,0.546875,0.6645569620253164,192.0
recaptured,0.6653846153846154,0.9010416666666666,0.7654867256637168,192.0
accuracy,0.7239583333333334,0.7239583333333334,0.7239583333333334,0.7239583333333334
macro avg,0.7560794044665012,0.7239583333333333,0.7150218438445166,384.0
weighted avg,0.7560794044665012,0.7239583333333334,0.7150218438445166,384.0
