{
    "Model": "RGB_EfficientNetB0",
    "Preprocessing": "RGB",
    "Accuracy": 0.8463541666666666,
    "Total_Parameters": 4213668,
    "Trainable_Parameters": 1515057,
    "Fold": 2,
    "learning_rate": 0.0001,
    "batch_size": 16,
    "optimizer": "Adam",
    "epochs": 8,
    "n_folds": 5,
    "dropout_rate": 0.4,
    "Precision_originals": 0.8556149732620321,
    "Recall_originals": 0.8333333333333334,
    "F1-Score_originals": 0.8443271767810027,
    "Support_originals": 192.0,
    "Precision_recaptured": 0.8375634517766497,
    "Recall_recaptured": 0.859375,
    "F1-Score_recaptured": 0.8483290488431876,
    "Support_recaptured": 192.0,
    "Precision_macro avg": 0.8465892125193408,
    "Recall_macro avg": 0.8463541666666667,
    "F1-Score_macro avg": 0.8463281128120952,
    "Support_macro avg": 384.0,
    "Precision_weighted avg": 0.8465892125193409,
    "Recall_weighted avg": 0.8463541666666666,
    "F1-Score_weighted avg": 0.8463281128120951,
    "Support_weighted avg": 384.0
}