,precision,recall,f1-score,support
originals,0.8854166666666666,0.8854166666666666,0.8854166666666666,192.0
recaptured,0.8854166666666666,0.8854166666666666,0.8854166666666666,192.0
accuracy,0.8854166666666666,0.8854166666666666,0.8854166666666666,0.8854166666666666
macro avg,0.8854166666666666,0.8854166666666666,0.8854166666666666,384.0
weighted avg,0.8854166666666666,0.8854166666666666,0.8854166666666666,384.0
