,precision,recall,f1-score,support
originals,0.8704663212435233,0.8704663212435233,0.8704663212435233,193.0
recaptured,0.8691099476439791,0.8691099476439791,0.8691099476439791,191.0
accuracy,0.8697916666666666,0.8697916666666666,0.8697916666666666,0.8697916666666666
macro avg,0.8697881344437512,0.8697881344437512,0.8697881344437512,384.0
weighted avg,0.8697916666666666,0.8697916666666666,0.8697916666666666,384.0
