,precision,recall,f1-score,support
originals,0.8383838383838383,0.8645833333333334,0.8512820512820513,192.0
recaptured,0.8602150537634409,0.8333333333333334,0.8465608465608465,192.0
accuracy,0.8489583333333334,0.8489583333333334,0.8489583333333334,0.8489583333333334
macro avg,0.8492994460736396,0.8489583333333334,0.8489214489214489,384.0
weighted avg,0.8492994460736396,0.8489583333333334,0.8489214489214488,384.0
