,precision,recall,f1-score,support
originals,0.8699186991869918,0.8879668049792531,0.8788501026694046,241.0
recaptured,0.8851063829787233,0.8666666666666667,0.8757894736842106,240.0
accuracy,0.8773388773388774,0.8773388773388774,0.8773388773388774,0.8773388773388774
macro avg,0.8775125410828576,0.8773167358229599,0.8773197881768076,481.0
weighted avg,0.8774967534697684,0.8773388773388774,0.8773229697038192,481.0
