{
    "Model": "RGB_EfficientNetB0",
    "Preprocessing": "RGB",
    "Accuracy": 0.8411458333333334,
    "Total_Parameters": 4213668,
    "Trainable_Parameters": 1515057,
    "Fold": 4,
    "learning_rate": 0.0001,
    "batch_size": 16,
    "optimizer": "Adam",
    "epochs": 8,
    "n_folds": 5,
    "dropout_rate": 0.4,
    "Precision_originals": 0.8291457286432161,
    "Recall_originals": 0.859375,
    "F1-Score_originals": 0.8439897698209718,
    "Support_originals": 192.0,
    "Precision_recaptured": 0.8540540540540541,
    "Recall_recaptured": 0.8229166666666666,
    "F1-Score_recaptured": 0.8381962864721485,
    "Support_recaptured": 192.0,
    "Precision_macro avg": 0.8415998913486351,
    "Recall_macro avg": 0.8411458333333333,
    "F1-Score_macro avg": 0.8410930281465602,
    "Support_macro avg": 384.0,
    "Precision_weighted avg": 0.841599891348635,
    "Recall_weighted avg": 0.8411458333333334,
    "F1-Score_weighted avg": 0.8410930281465602,
    "Support_weighted avg": 384.0
}