{
    "Model": "RGB_EfficientNetB0",
    "Preprocessing": "RGB",
    "Accuracy": 0.8697916666666666,
    "Total_Parameters": 4213668,
    "Trainable_Parameters": 1515057,
    "Fold": 5,
    "learning_rate": 0.0001,
    "batch_size": 16,
    "optimizer": "Adam",
    "epochs": 8,
    "n_folds": 5,
    "dropout_rate": 0.4,
    "Precision_originals": 0.8704663212435233,
    "Recall_originals": 0.8704663212435233,
    "F1-Score_originals": 0.8704663212435233,
    "Support_originals": 193.0,
    "Precision_recaptured": 0.8691099476439791,
    "Recall_recaptured": 0.8691099476439791,
    "F1-Score_recaptured": 0.8691099476439791,
    "Support_recaptured": 191.0,
    "Precision_macro avg": 0.8697881344437512,
    "Recall_macro avg": 0.8697881344437512,
    "F1-Score_macro avg": 0.8697881344437512,
    "Support_macro avg": 384.0,
    "Precision_weighted avg": 0.8697916666666666,
    "Recall_weighted avg": 0.8697916666666666,
    "F1-Score_weighted avg": 0.8697916666666666,
    "Support_weighted avg": 384.0
}