{
    "Model": "RGB_EfficientNetB0",
    "Preprocessing": "RGB",
    "Accuracy": 0.8773388773388774,
    "Total_Parameters": 4213668,
    "Trainable_Parameters": 1515057,
    "Fold": "Final",
    "learning_rate": 0.0001,
    "batch_size": 16,
    "optimizer": "Adam",
    "epochs": 8,
    "n_folds": 5,
    "dropout_rate": 0.4,
    "Precision_originals": 0.8699186991869918,
    "Recall_originals": 0.8879668049792531,
    "F1-Score_originals": 0.8788501026694046,
    "Support_originals": 241.0,
    "Precision_recaptured": 0.8851063829787233,
    "Recall_recaptured": 0.8666666666666667,
    "F1-Score_recaptured": 0.8757894736842106,
    "Support_recaptured": 240.0,
    "Precision_macro avg": 0.8775125410828576,
    "Recall_macro avg": 0.8773167358229599,
    "F1-Score_macro avg": 0.8773197881768076,
    "Support_macro avg": 481.0,
    "Precision_weighted avg": 0.8774967534697684,
    "Recall_weighted avg": 0.8773388773388774,
    "F1-Score_weighted avg": 0.8773229697038192,
    "Support_weighted avg": 481.0
}