,precision,recall,f1-score,support
originals,0.8291457286432161,0.859375,0.8439897698209718,192.0
recaptured,0.8540540540540541,0.8229166666666666,0.8381962864721485,192.0
accuracy,0.8411458333333334,0.8411458333333334,0.8411458333333334,0.8411458333333334
macro avg,0.8415998913486351,0.8411458333333333,0.8410930281465602,384.0
weighted avg,0.841599891348635,0.8411458333333334,0.8410930281465602,384.0
