{
    "Model": "RGB_EfficientNetB0",
    "Preprocessing": "RGB",
    "Accuracy": 0.8489583333333334,
    "Total_Parameters": 4213668,
    "Trainable_Parameters": 1515057,
    "Fold": 3,
    "learning_rate": 0.0001,
    "batch_size": 16,
    "optimizer": "Adam",
    "epochs": 8,
    "n_folds": 5,
    "dropout_rate": 0.4,
    "Precision_originals": 0.8383838383838383,
    "Recall_originals": 0.8645833333333334,
    "F1-Score_originals": 0.8512820512820513,
    "Support_originals": 192.0,
    "Precision_recaptured": 0.8602150537634409,
    "Recall_recaptured": 0.8333333333333334,
    "F1-Score_recaptured": 0.8465608465608465,
    "Support_recaptured": 192.0,
    "Precision_macro avg": 0.8492994460736396,
    "Recall_macro avg": 0.8489583333333334,
    "F1-Score_macro avg": 0.8489214489214489,
    "Support_macro avg": 384.0,
    "Precision_weighted avg": 0.8492994460736396,
    "Recall_weighted avg": 0.8489583333333334,
    "F1-Score_weighted avg": 0.8489214489214488,
    "Support_weighted avg": 384.0
}