,precision,recall,f1-score,support
originals,0.8556149732620321,0.8333333333333334,0.8443271767810027,192.0
recaptured,0.8375634517766497,0.859375,0.8483290488431876,192.0
accuracy,0.8463541666666666,0.8463541666666666,0.8463541666666666,0.8463541666666666
macro avg,0.8465892125193408,0.8463541666666667,0.8463281128120952,384.0
weighted avg,0.8465892125193409,0.8463541666666666,0.8463281128120951,384.0
