{
    "Model": "Fourier_MobileNetV2",
    "Preprocessing": "Fourier",
    "Mean_Accuracy": 0.4994791666666667,
    "Std_Accuracy": 0.0011646187382811487,
    "Mean_Precision_recaptured": 0.19947916666666665,
    "Mean_Recall_recaptured": 0.4,
    "Mean_F1-Score_recaptured": 0.26620289855072465,
    "Mean_Total_Parameters": 2422081.0,
    "Mean_Trainable_Parameters": 1370177.0
}