,precision,recall,f1-score,support
originals,0.0,0.0,0.0,193.0
recaptured,0.4973958333333333,1.0,0.6643478260869565,191.0
accuracy,0.4973958333333333,0.4973958333333333,0.4973958333333333,0.4973958333333333
macro avg,0.24869791666666666,0.5,0.33217391304347826,384.0
weighted avg,0.24740261501736108,0.4973958333333333,0.33044384057971016,384.0
