,precision,recall,f1-score,support
originals,0.8353413654618473,0.8630705394190872,0.8489795918367347,241.0
recaptured,0.8577586206896551,0.8291666666666667,0.8432203389830508,240.0
accuracy,0.8461538461538461,0.8461538461538461,0.8461538461538461,0.8461538461538461
macro avg,0.8465499930757512,0.8461186030428769,0.8460999654098927,481.0
weighted avg,0.8465266903156392,0.8461538461538461,0.8461059521592208,481.0
