{
    "Model": "Laplacian_MobileNetV2",
    "Preprocessing": "Laplacian",
    "Accuracy": 0.7526041666666666,
    "Total_Parameters": 2259265,
    "Trainable_Parameters": 1207361,
    "Fold": 1,
    "learning_rate": 0.0001,
    "batch_size": 16,
    "optimizer": "Adam",
    "epochs": 8,
    "n_folds": 5,
    "dropout_rate": 0.5,
    "Precision_originals": 0.770949720670391,
    "Recall_originals": 0.71875,
    "F1-Score_originals": 0.7439353099730458,
    "Support_originals": 192.0,
    "Precision_recaptured": 0.7365853658536585,
    "Recall_recaptured": 0.7864583333333334,
    "F1-Score_recaptured": 0.760705289672544,
    "Support_recaptured": 192.0,
    "Precision_macro avg": 0.7537675432620248,
    "Recall_macro avg": 0.7526041666666667,
    "F1-Score_macro avg": 0.7523202998227949,
    "Support_macro avg": 384.0,
    "Precision_weighted avg": 0.7537675432620249,
    "Recall_weighted avg": 0.7526041666666666,
    "F1-Score_weighted avg": 0.7523202998227948,
    "Support_weighted avg": 384.0
}