,precision,recall,f1-score,support
originals,0.7865168539325843,0.7291666666666666,0.7567567567567568,192.0
recaptured,0.7475728155339806,0.8020833333333334,0.7738693467336684,192.0
accuracy,0.765625,0.765625,0.765625,0.765625
macro avg,0.7670448347332824,0.765625,0.7653130517452126,384.0
weighted avg,0.7670448347332824,0.765625,0.7653130517452125,384.0
