{
    "Model": "Laplacian_MobileNetV2",
    "Preprocessing": "Laplacian",
    "Accuracy": 0.765625,
    "Total_Parameters": 2259265,
    "Trainable_Parameters": 1207361,
    "Fold": 2,
    "learning_rate": 0.0001,
    "batch_size": 16,
    "optimizer": "Adam",
    "epochs": 8,
    "n_folds": 5,
    "dropout_rate": 0.5,
    "Precision_originals": 0.7865168539325843,
    "Recall_originals": 0.7291666666666666,
    "F1-Score_originals": 0.7567567567567568,
    "Support_originals": 192.0,
    "Precision_recaptured": 0.7475728155339806,
    "Recall_recaptured": 0.8020833333333334,
    "F1-Score_recaptured": 0.7738693467336684,
    "Support_recaptured": 192.0,
    "Precision_macro avg": 0.7670448347332824,
    "Recall_macro avg": 0.765625,
    "F1-Score_macro avg": 0.7653130517452126,
    "Support_macro avg": 384.0,
    "Precision_weighted avg": 0.7670448347332824,
    "Recall_weighted avg": 0.765625,
    "F1-Score_weighted avg": 0.7653130517452125,
    "Support_weighted avg": 384.0
}