,precision,recall,f1-score,support
originals,0.780373831775701,0.8652849740932642,0.8206388206388207,193.0
recaptured,0.8470588235294118,0.7539267015706806,0.7977839335180056,191.0
accuracy,0.8098958333333334,0.8098958333333334,0.8098958333333334,0.8098958333333334
macro avg,0.8137163276525563,0.8096058378319724,0.8092113770784131,384.0
weighted avg,0.8135426688198644,0.8098958333333334,0.8092708950136235,384.0
