{
    "Model": "Laplacian_MobileNetV2",
    "Preprocessing": "Laplacian",
    "Accuracy": 0.8098958333333334,
    "Total_Parameters": 2259265,
    "Trainable_Parameters": 1207361,
    "Fold": 5,
    "learning_rate": 0.0001,
    "batch_size": 16,
    "optimizer": "Adam",
    "epochs": 8,
    "n_folds": 5,
    "dropout_rate": 0.5,
    "Precision_originals": 0.780373831775701,
    "Recall_originals": 0.8652849740932642,
    "F1-Score_originals": 0.8206388206388207,
    "Support_originals": 193.0,
    "Precision_recaptured": 0.8470588235294118,
    "Recall_recaptured": 0.7539267015706806,
    "F1-Score_recaptured": 0.7977839335180056,
    "Support_recaptured": 191.0,
    "Precision_macro avg": 0.8137163276525563,
    "Recall_macro avg": 0.8096058378319724,
    "F1-Score_macro avg": 0.8092113770784131,
    "Support_macro avg": 384.0,
    "Precision_weighted avg": 0.8135426688198644,
    "Recall_weighted avg": 0.8098958333333334,
    "F1-Score_weighted avg": 0.8092708950136235,
    "Support_weighted avg": 384.0
}