,precision,recall,f1-score,support
originals,0.7951219512195122,0.8489583333333334,0.8211586901763224,192.0
recaptured,0.8379888268156425,0.78125,0.8086253369272237,192.0
accuracy,0.8151041666666666,0.8151041666666666,0.8151041666666666,0.8151041666666666
macro avg,0.8165553890175774,0.8151041666666667,0.814892013551773,384.0
weighted avg,0.8165553890175774,0.8151041666666666,0.8148920135517731,384.0
