,precision,recall,f1-score,support
originals,0.770949720670391,0.71875,0.7439353099730458,192.0
recaptured,0.7365853658536585,0.7864583333333334,0.760705289672544,192.0
accuracy,0.7526041666666666,0.7526041666666666,0.7526041666666666,0.7526041666666666
macro avg,0.7537675432620248,0.7526041666666667,0.7523202998227949,384.0
weighted avg,0.7537675432620249,0.7526041666666666,0.7523202998227948,384.0
