{
    "Model": "Laplacian_MobileNetV2",
    "Preprocessing": "Laplacian",
    "Accuracy": 0.8151041666666666,
    "Total_Parameters": 2259265,
    "Trainable_Parameters": 1207361,
    "Fold": 4,
    "learning_rate": 0.0001,
    "batch_size": 16,
    "optimizer": "Adam",
    "epochs": 8,
    "n_folds": 5,
    "dropout_rate": 0.5,
    "Precision_originals": 0.7951219512195122,
    "Recall_originals": 0.8489583333333334,
    "F1-Score_originals": 0.8211586901763224,
    "Support_originals": 192.0,
    "Precision_recaptured": 0.8379888268156425,
    "Recall_recaptured": 0.78125,
    "F1-Score_recaptured": 0.8086253369272237,
    "Support_recaptured": 192.0,
    "Precision_macro avg": 0.8165553890175774,
    "Recall_macro avg": 0.8151041666666667,
    "F1-Score_macro avg": 0.814892013551773,
    "Support_macro avg": 384.0,
    "Precision_weighted avg": 0.8165553890175774,
    "Recall_weighted avg": 0.8151041666666666,
    "F1-Score_weighted avg": 0.8148920135517731,
    "Support_weighted avg": 384.0
}