,precision,recall,f1-score,support
originals,0.5305555555555556,0.9947916666666666,0.6920289855072463,192.0
recaptured,0.9583333333333334,0.11979166666666667,0.21296296296296297,192.0
accuracy,0.5572916666666666,0.5572916666666666,0.5572916666666666,0.5572916666666666
macro avg,0.7444444444444445,0.5572916666666666,0.4524959742351047,384.0
weighted avg,0.7444444444444445,0.5572916666666666,0.4524959742351047,384.0
