{
    "Model": "Laplacian_MobileNetV2",
    "Preprocessing": "Laplacian",
    "Accuracy": 0.5572916666666666,
    "Total_Parameters": 2259265,
    "Trainable_Parameters": 1207361,
    "Fold": 3,
    "learning_rate": 0.0001,
    "batch_size": 16,
    "optimizer": "Adam",
    "epochs": 8,
    "n_folds": 5,
    "dropout_rate": 0.5,
    "Precision_originals": 0.5305555555555556,
    "Recall_originals": 0.9947916666666666,
    "F1-Score_originals": 0.6920289855072463,
    "Support_originals": 192.0,
    "Precision_recaptured": 0.9583333333333334,
    "Recall_recaptured": 0.11979166666666667,
    "F1-Score_recaptured": 0.21296296296296297,
    "Support_recaptured": 192.0,
    "Precision_macro avg": 0.7444444444444445,
    "Recall_macro avg": 0.5572916666666666,
    "F1-Score_macro avg": 0.4524959742351047,
    "Support_macro avg": 384.0,
    "Precision_weighted avg": 0.7444444444444445,
    "Recall_weighted avg": 0.5572916666666666,
    "F1-Score_weighted avg": 0.4524959742351047,
    "Support_weighted avg": 384.0
}