{
    "Model": "Laplacian_MobileNetV2",
    "Preprocessing": "Laplacian",
    "Accuracy": 0.8461538461538461,
    "Total_Parameters": 2259265,
    "Trainable_Parameters": 1207361,
    "Fold": "Final",
    "learning_rate": 0.0001,
    "batch_size": 16,
    "optimizer": "Adam",
    "epochs": 8,
    "n_folds": 5,
    "dropout_rate": 0.5,
    "Precision_originals": 0.8353413654618473,
    "Recall_originals": 0.8630705394190872,
    "F1-Score_originals": 0.8489795918367347,
    "Support_originals": 241.0,
    "Precision_recaptured": 0.8577586206896551,
    "Recall_recaptured": 0.8291666666666667,
    "F1-Score_recaptured": 0.8432203389830508,
    "Support_recaptured": 240.0,
    "Precision_macro avg": 0.8465499930757512,
    "Recall_macro avg": 0.8461186030428769,
    "F1-Score_macro avg": 0.8460999654098927,
    "Support_macro avg": 481.0,
    "Precision_weighted avg": 0.8465266903156392,
    "Recall_weighted avg": 0.8461538461538461,
    "F1-Score_weighted avg": 0.8461059521592208,
    "Support_weighted avg": 481.0
}