,precision,recall,f1-score,support
originals,0.0,0.0,0.0,241.0
recaptured,0.498960498960499,1.0,0.665742024965326,240.0
accuracy,0.498960498960499,0.498960498960499,0.498960498960499,0.498960498960499
macro avg,0.2494802494802495,0.5,0.332871012482663,481.0
weighted avg,0.2489615795229101,0.498960498960499,0.332178972955672,481.0
