,precision,recall,f1-score,support
originals,0.0,0.0,0.0,192.0
recaptured,0.5,1.0,0.6666666666666666,192.0
accuracy,0.5,0.5,0.5,0.5
macro avg,0.25,0.5,0.3333333333333333,384.0
weighted avg,0.25,0.5,0.3333333333333333,384.0
