{
    "Model": "Fourier_Balanced_CNN",
    "Preprocessing": "Fourier",
    "Accuracy": 0.4973958333333333,
    "Total_Parameters": 258881,
    "Trainable_Parameters": 258177,
    "Fold": 5,
    "learning_rate": 0.0001,
    "batch_size": 16,
    "optimizer": "Adam",
    "epochs": 8,
    "n_folds": 5,
    "dropout_rate": 0.4,
    "Precision_originals": 0.0,
    "Recall_originals": 0.0,
    "F1-Score_originals": 0.0,
    "Support_originals": 193.0,
    "Precision_recaptured": 0.4973958333333333,
    "Recall_recaptured": 1.0,
    "F1-Score_recaptured": 0.6643478260869565,
    "Support_recaptured": 191.0,
    "Precision_macro avg": 0.24869791666666666,
    "Recall_macro avg": 0.5,
    "F1-Score_macro avg": 0.33217391304347826,
    "Support_macro avg": 384.0,
    "Precision_weighted avg": 0.24740261501736108,
    "Recall_weighted avg": 0.4973958333333333,
    "F1-Score_weighted avg": 0.33044384057971016,
    "Support_weighted avg": 384.0
}