,precision,recall,f1-score,support
Original,0.8648648648648649,0.7804878048780488,0.8205128205128205,41.0
Recaptured,0.7954545454545454,0.875,0.8333333333333334,40.0
accuracy,0.8271604938271605,0.8271604938271605,0.8271604938271605,0.8271604938271605
macro avg,0.8301597051597052,0.8277439024390244,0.8269230769230769,81.0
weighted avg,0.8305881639214973,0.8271604938271605,0.8268439379550491,81.0
